Feature,Values
Cash and cash equivalents,"['2915', '3532', '1']"
Total current assets,"['6691', '6669', '1']"
"Property and equipment, net","['1', '1162']"
Goodwill,"['9329', '7418', '1']"
Total assets,"['26294', '17593', '1']"
Total current liabilities,"['10324', '6156', '1']"
Total stockholders’ equity,"['7009', '2891', '1']"
Total liabilities and stockholders’ equity,"['26294', '17593', '1']"
Net loss,"['(19180)', '(25406)']"
"Net loss per share, basic and diluted (in dollars per share)","['(1.10)', '(1.20)', '(1.06)']"
Total stockholders' equity,"['5628', '9888']"
Total liabilities and stockholders' equity,"['7498', '11751']"
"Impairment of goodwill, intangible assets and equipment","['0', '0', '9469']"
Total operating expenses,"['752012', '666299', '639812']"
"Other income (expense), net","['86', '(1)', '3', '68', '3']"
Net loss per share:,[]
"Other comprehensive income (loss), net of tax","['427', '591', '(677)']"
Marketable securities,"['41531', '39770']"
Gross profit,"['839868', '780534', '688442']"
"Interest and other income, net","['92', '54']"
"Total non-operating income (expense), net","['3233', '(1188)', '15']"
Weighted-average shares used in computing net loss per share:,[]
"Other comprehensive loss, net of tax:",[]
Unrealized gain (loss) on marketable securities,"['(510)', '(240)']"
"Deferred income taxes, net","['(5284)', '(110)', '3', '303', '3']"
TOTAL ASSETS,"['1728761', '1117872']"
TOTAL LIABILITIES AND STOCKHOLDERS’ EQUITY,"['1728761', '1117872']"
Revenues,"['279124', '248240', '220085']"
Total revenues,"['207787', '167743', '131125']"
Net income,"['6356', '1590', '1', '425', '1']"
"Interest and other income (expense), net",[]
"Investment gains (losses), net","['51579', '3213', '7553']"
Basic net income per share,"['6.07', '5.28', '3.43']"
Shares used to compute basic net income per share,"['486291', '490564', '493632']"
Diluted net income per share,"['6.00', '5.20', '3.38']"
Shares used to compute diluted net income per share,"['491572', '497843', '501123']"
"Other comprehensive income (loss), net of taxes","['29401', '(45746)', '43501']"
"Total comprehensive income, net of taxes","['6354', '1596', '449']"
"

[1]
Reclassification adjustments for gains / losses on available-for-sale securities are classified in interest and other income (expense), net. 


[2]
Reclassification adjustments for gains / losses on foreign currency hedges are classified in revenue and reclassification adjustments for gains / losses on Treasury lock hedges are classified in interest expense.

","['1', '2']"
[1],"['2638', '1553', '1448', '17518', '10575', '8476', '37001', '22138', '17782', '27537', '18381', '16288', '31212', '23778', '10055', '115906', '76425', '54049']"
Total Current Assets,"['6241', '17583']"
Total Non-Current Assets,"['28687', '43390']"
Total Assets,[]
Total Current Liabilities,"['238622', '265367']"
Net Loss,"['(211374)', '(306507)']"
Adjustments to reconcile net loss to net cash used in operating activities:,[]
"Cash and Cash Equivalents, at Carrying Value, Beginning Balance","['17583', '7257']"
"Cash and Cash Equivalents, at Carrying Value, Ending Balance","['6241', '17583']"
"Net Income (Loss), Including Portion Attributable to Noncontrolling Interest","['(68302)', '(67300)']"
Note 1. Nature of Operations,[]
Note 2. Significant Accounting Policies,[]
Note 4. Related Party Transactions,[]
Going Concern,[]
Use of Estimates,[]
"Other income, net","['27478', '15777', '7842']"
Net loss attributable to redeemable noncontrolling interest,"['201', '0', '0']"
Net income allocated to participating securities,"['0', '(3)', '(13)']"
Net income attributable to parent,"['53531', '21524', '29251']"
Net income attributable to common stockholders,"['4326000', '2148000']"
Net income per share:,[]
"Total liabilities, redeemable noncontrolling interest and stockholders’ equity","['557799', '440985']"
Adjustments to reconcile net income to net cash from operating activities:,[]
Disposal of property and equipment,"['1974', '0', '0']"
Additions to property and equipment,"['(279)', '(254)', '3', '(276)', '3']"
Net (decrease) / increase in cash and cash equivalents,"['(26432)', '49732', '(44305)']"
Cash and cash equivalents at beginning of the period,"['129592', '101539', '116595']"
Cash and cash equivalents at end of the period,"['181838', '129592', '101539']"
"Cash paid for / (received from) income taxes, net of refunds","['2254', '(2052)', '1805']"
TOTAL STOCKHOLDERS’ EQUITY,"['612517', '394567']"
"TOTAL LIABILITIES, MEZZANINE EQUITY AND STOCKHOLDERS’ EQUITY","['743145', '487197']"
"Other (income) expense, net","['(865000)', '(583000)', '(495000)']"
Net (loss) income,"['(20)', '30', '(67)']"
"Net (loss) income per share attributable to common stockholders, basic","['(0.11)', '0.23', '(1.94)']"
"Net (loss) income per share attributable to common stockholders, diluted","['(0.11)', '0.21', '(1.94)']"
"Weighted average number of shares used in computing net (loss) income per share, basic","['71544', '67468', '52466']"
"Weighted average number of shares used in computing net (loss) income per share, diluted","['71544', '74878', '52466']"
"Other comprehensive (loss) income, net of tax:",[]
Net income (loss),"['35683', '70220', '(3454)']"
Net income (loss) attributable to common stockholders,"['27143', '28020', '(19482)']"
"Net Income (loss) per share attributable to common stockholders, basic (in dollars per share)","['0.43', '0.46', '(0.37)']"
"Net income (loss) per share attributable to common stockholders, diluted (in dollars per share)","['0.40', '0.43', '(0.37)']"
"Weighted-average shares used to compute net income (loss) per share attributable to common stockholders, basic (in shares)","['63424', '60829', '53006']"
"Weighted-average shares used to compute net income (loss) per share attributable to common stockholders, diluted (in shares)","['68661', '64744', '53006']"
"Other comprehensive income (loss), net of tax:",[]
"Net unrealized holding gain (loss) on investments, net of tax","['714', '(22)', '(217)']"
"Other comprehensive loss, net of tax","['(955)', '(217)', '(345)']"
"Deferred income tax, net","['5594', '11647']"
Total shareholders’ equity,"['514060', '166992']"
Total liabilities and shareholders’ equity,"['797714', '308744']"
Revenues:,[]
Cost of revenues:,[]
Cost of revenues,"['35144', '27683', '20714']"
TOTAL STOCKHOLDERS' EQUITY,"['291681', '307478']"
TOTAL LIABILITIES AND STOCKHOLDERS' EQUITY,"['31769', '6243']"
"Interest income, net","['2947', '2329', '1032']"
"Net loss per share attributable to common stockholders, basic and diluted","['(1.45)', '(0.96)', '(0.83)']"
"Weighted-average shares used in computing net loss per share attributable to common stockholders, basic and diluted","['129799', '53328', '18956']"
Total long-term assets,"['109755', '25888']"
Cost of sales:,[]
Total cost of sales,"['120619', '110232', '78949']"
Adjustments to reconcile net income to net cash provided by operating activities:,[]
Effect of exchange rate fluctuations on cash and cash equivalents,"['(842)', '(14444)', '20678']"
Net increase (decrease) in cash and cash equivalents,"['98403', '(51647)', '149775']"
"Cash and cash equivalents, beginning of period","['11356', '11946', '7663']"
"Cash and cash equivalents, end of period","['13576', '11356', '11946']"
Total costs and operating expenses,"['249551000', '170415000', '134468000']"
"Interest income (expense), net","['1153', '1527', '1594', '1556', '1510', '894', '(23)', '(26)', '5830', '2355', '(75)']"
Net income per common share:,[]
Net loss attributable to common stockholders,"['(307063)', '(121949)', '(63708)']"
Net loss per share attributable to common stockholders:,[]
"Comprehensive loss, net of income taxes:",[]
"Total other comprehensive loss, net of income taxes","['(51541)', '(49348)', '(31898)']"
"Property, equipment and leasehold improvements, net","['5963', '7234']"
Total current assets before funds held for clients,"['335850', '201720']"
Total current liabilities before client fund obligations,"['81636', '61579']"
Cost of sales,"['77211', '85736', '80714']"
Impairment of goodwill,"['1910', '14740']"
Basic and diluted net income (loss) per share,[]
Cash & cash equivalents,"['1972160', '5741549']"
"Marketable securities, held in related party","['0', '510']"
"Interest (expense) income, net","['(75883)', '(178002)']"
Net loss available to common stockholders,"['90006', '(11447989)']"
Net loss per common share-basic and diluted,"['(0.97)', '(0.74)']"
Basic net income (loss) per share (in dollars per share),"['0.98', '(0.37)', '(2.58)']"
Diluted net income (loss) per share (in dollars per share),"['0.96', '(0.37)', '(2.58)']"
Weighted average shares used in computing basic net income (loss) per share (in shares),"['219.7', '218.9', '219.5']"
Weighted average shares used in computing diluted net income (loss) per share (in shares),"['222.5', '218.9', '219.5']"
"Other comprehensive income (loss), net of reclassifications:",[]
"Net (loss) gain on derivative instruments (net of tax effect of ($1.1), ($1.1), and $3.2)","['31.6', '(31.2)']"
"Change in net unrealized gain (loss) on available-for-sale securities (net of tax effect of ($0.4), $0.0, and $0.1)","['1.4', '2.0', '(0.2)']"
"Net change in cumulative foreign currency translation (loss) gain (net of tax effect of $0.1, $0.5, and ($4.8))","['(13.6)', '(57.8)', '81.6']"
"Net (loss) gain on derivative instruments, tax","['(1.1)', '3.2']"
"Change in net unrealized gain (loss) on available-for-sale securities, tax","['(0.4)', '0.0', '0.1']"
"Net change in cumulative foreign currency translation (loss) gain, tax","['0.1', '0.5', '(4.8)']"
Adjustments to reconcile net income (loss) to net cash provided by operating activities:,[]
Purchases of marketable securities,"['(19.9)', '(138.2)', '(514.0)']"
Sales of marketable securities,"['22.4', '319.6', '489.0']"
Maturities of marketable securities,"['5.0', '211.4', '594.3']"
Effect of exchange rate changes on cash and cash equivalents,"['(1)', '(20)', '8']"
Cash and cash equivalents at beginning of fiscal year,"['886.0', '1078.0', '1213.1']"
Cash and cash equivalents at end of fiscal year,"['1774.7', '886.0', '1078.0']"
"Cash paid for income taxes, net of tax refunds","['60.3', '78.0', '84.5']"
REVENUES:,[]
"Revenues, Net","['9538.1', '9375.8', '8983.4']"
PEO revenues,"['1', '4506.5', '4172.5', '3824.3']"
TOTAL REVENUES,"['14589.8', '14110.2', '13274.2']"
"Other (income)/expense, net","['(148.0)', '(111.1)', '172.1']"
"
[1]
For the years ended June 30, 2020 (“fiscal 2020”), June 30, 2019 (“fiscal 2019”), and June 30, 2018 (“fiscal 2018”), Professional Employer Organization (“PEO”) revenues are net of direct pass-through costs, primarily consisting of payroll wages and payroll taxes, of $45,826.1 million, $42,688.8 million, and $39,140.9 million, respectively.
",['1']
"Direct pass-through costs, Professional Employer Organization revenues","['45826.1', '42688.8', '39140.9']"
Unrealized net gains/(losses) on available-for-sale securities,"['602.2', '642.4', '(460.7)']"
Reclassification of net losses/(gains) on available-for-sale securities to net earnings,"['(12.9)', '0.9', '2.7']"
Pension net (losses)/gains arising during the year,"['(160.8)', '(84.7)', '87.0']"
"Other comprehensive income/(loss), net of tax","['56.4', '36.3', '(56.2)']"
Long-term Marketable Securities Under Reverse Repurchase Agreements,"['13.6', '261.4']"
Short-term marketable securities,"['1599033', '261128']"
"Property, plant and equipment, net","['275855', '252630']"
Short-term deferred revenues,"['107.9', '124.8']"
Total current liabilities before client funds obligations,"['4295.0', '3483.2']"
Long-term deferred revenues,"['52.8', '68.4']"
Cash And Cash Equivalents Under Reverse Repurchase Agreements,['0.6']
"

[1]
(1) The amount of total deferred costs amortized during the twelve months ended June 30, 2020, June 30, 2019, and June 30, 2018 were $915.0 million, $874.0 million, and $837.4 million, respectively.


[2]
(A) As of June 30, 2020, $13.6 million of long-term marketable securities have been pledged as collateral under the Company's reverse repurchase agreements. As of June 30, 2019, $261.4 million of long-term marketable securities and $0.6 million of cash and cash equivalents have been pledged as collateral under the Company's reverse repurchase agreements (see Note 8).

","['1', '2']"
[2],"['(2)', '(', '2019', '2018', '2017', '5365', '1952', '2040', '3630', '2318', '2421', '8995', '4270', '4461']"
Total current assets before customer fund assets,"['542000', '193916']"
Property and equipment—net,"['4804', '7046']"
Total current liabilities before customer fund obligations,"['246944', '172324']"
Total liabilities and shareholders' equity,"['4991418', '5211693']"
Goodwill impairment,['3738']
"Total other (income) expense, net","['(2084)', '(2344)', '1134']"
"Net loss per share attributable to common shareholders, basic and diluted","['(0.68)', '(1.95)', '(11.39)']"
Net income (loss) per share - basic (in dollars per share),"['(0.39)', '0.06']"
Net income (loss) per share - diluted (in dollars per share),"['(0.39)', '0.06']"
Adjustments to reconcile net income to net cash used in operating activities:,[]
Purchases of property and equipment,"['(101119)', '(23160)', '(20503)']"
Increase/(decrease) in cash and cash equivalents,"['(3870)', '4']"
"Cash and cash equivalents, beginning of year","['51612', '51608']"
"Cash and cash equivalents, end of year","['47742', '51612']"
Net loss per common share:,[]
Total stockholders' equity (deficit),"['11445000', '(5055000)']"
"Total liabilities, redeemable convertible preferred stock and stockholders' equity (deficit)","['2404015', '1526298']"
Weighted-average number of common shares used to compute net loss per share attributable to common stockholders:,[]
"Net unrealized gain (loss) on investments in available-for-sale securities, before tax","['2094', '679', '(177)']"
"Unrealized (loss) gain on derivative instruments, net of tax","['61', '318']"
Purchase of property and equipment,"['(11492)', '(14719)', '(10208)']"
"Effect of exchange rate on cash, cash equivalents and restricted cash","['978', '(2014)', '(550)']"
"Net increase (decrease) in cash, cash equivalents and restricted cash","['(565)', '(2480)', '3', '2703', '3']"
"Cash, cash equivalents and restricted cash, beginning of year","['449846', '640174', '370673']"
"Cash, cash equivalents and restricted cash, end of year","['577295', '449846', '640174']"
"Cash, Cash Equivalents, Restricted Cash and Restricted Cash Equivalents [Abstract]",[]
"Total cash, cash equivalents and restricted cash in the statement of cash flows","['577295', '449846']"
Property and equipment:,[]
Total property and equipment,"['126331', '33822']"
Total long term assets,"['117568', '144346']"
"Right of use lease, amortizationProperty and equipment, amortization",['51009']
"Property and equipment, depreciation","['39526', '28802']"
Net loss per share - basic (in dollars per share),"['(0.38)', '(0.15)']"
Adjustments to reconcile net loss to net cash provided by operating activities:,[]
"Organization, Consolidation and Presentation of Financial Statements Disclosure [Text Block]",[]
Significant Accounting Policies [Text Block],[]
Stockholders' Equity Note Disclosure [Text Block],[]
Debt Disclosure [Text Block],[]
Commitments and Contingencies Disclosure [Text Block],"['2020', '59004', '2021', '61800', '2022', '46863']"
Income Tax Disclosure [Text Block],"['2019', '2018', '627000', '242000', '(21000', ')', '(', ')', '(606000', ')', '(239000', ')']"
"Cash and Cash Equivalents, Policy [Policy Text Block]",[]
"Property, Plant and Equipment, Policy [Policy Text Block]",[]
Revenue from Contract with Customer [Policy Text Block],[]
"Net Income (Loss) Attributable to Parent, Total","['(2983438)', '(1151882)']"
"Property, Plant and Equipment, Useful Life (Year)",['3']
"Other Liabilities, Current, Total","['180000', '180000']"
"Proceeds from Issuance or Sale of Equity, Total | $",['25000']
"Debt Instrument, Periodic Payment, Total",['291.67']
"Debt Instrument, Unamortized Discount, Total",['12500']
"Interest Expense, Debt, Total",['8000']
"Total liabilities, redeemable non-controlling interest, and stockholders' equity","['1014552', '493481']"
Total cost of revenues,"['1', '167041', '128272', '100957']"
Net loss attributable to non-controlling interest (note 4),"['(1444)', '(62)']"
"Net loss attributable to BlackLine, Inc.","['(32535)', '(28714)', '(33408)']"
"Basic net loss per share attributable to BlackLine, Inc.","['(0.59)', '(0.53)', '(0.64)']"
Shares used to calculate basic net loss per share,"['55320', '53912', '52161']"
"Diluted net loss per share attributable to BlackLine, Inc.","['(0.59)', '(0.53)', '(0.64)']"
Shares used to calculate diluted net loss per share,"['55320', '53912', '52161']"
"Net change in unrealized gains (losses) on marketable securities, net of tax of $0 for the years ended December 31, 2019, 2018 and 2017","['200', '(26)', '(22)']"
Net loss attributable to redeemable non-controlling interest,"['2042', '863', '0']"
"Net change in unrealized gain on marketable securities, tax","['0', '0', '0']"
"Other (expense) income, net of pension adjustments","['(771)', '6928', '6908']"
"Other (expense) income, net",[]
Basic and diluted net (loss) income per share (in dollars per share),"['(0.22)', '0.23', '0.24']"
Shares used in computing net (loss) income per share:,[]
"Minimum pension liability adjustments (net of income tax provision of $0, $0 and $300)","['943', '(4730)', '1087']"
Net loss applicable to common shareholders,"['(2094)', '(9789)']"
Net loss per share attributable to common shareholders:,[]
"Property and equipment, Net",['3983']
Net profit (loss),"['222839', '(1144696)']"
Net loss attributable to common shareholders,"['(95940)', '(53885)', '(53664)']"
Net loss attributable to common shareholders of continuing operations,"['(2836358)', '(1144696)']"
Net profit (loss) per common share: Basic and Diluted,[]
- Net loss per common share,"['(0.23)', '(0.12)']"
Adjustments to reconcile net profit (loss) to net cash from operating activities:,[]
Summary of Significant Accounting Policies,[]
Convertible Notes Payable,"['31', '(', '(', '250000', '10000', '260000', '(', '296153', '14808', '(180908', ')', '130053', '(', '87912', '4396', '92308', '(', '550000', '(8956', ')', '22000', '(99713', ')', '463331', '(', '19167', '958', '20125', '(', '19167', '958', '20125', '2', '(', '14444', '722', '15166', '2', '(', '14444', '722', '15166', '(', '15000', '750', '15750', '(', '15000', '750', '15750', '(', '12778', '(566', ')', '639', '12851', '(', '12778', '(567', ')', '639', '12850', '(', '11667', '(725', ')', '584', '11526', '(', '10278', '(498', ')', '514', '10294', '(', '10278', '(497', ')', '514', '10295', '1339066', '(11809', ')', '58954', '(280621', ')', '1105590', '(1339066', ')', '11809', '(58954', ')', '280621', '(1105590', ')', '1.', '2.', '3.', '4.', '5.', '1.', '2.', '3.', '4.', '5.', '1.', '2.', '3.', '1.', '2.']"
Fair Value of Financial Instruments,"['1', '2', '3', '411236', '257282', '103032', '111999', '814685', '32000', '15465', '2365367', '250000', '158156', '84091', '2237946', '2365367', '1', '2', '3', '615847', '114052', '103074', '81340', '627928', '422565', '15501', '365497', '250000', '(256000', ')', '25000', '32825', '100000', '2388132', '365497', '(256000', ')']"
Stockholders' Deficiency,[]
Acquisition and Discontinued Operations,"['17500', '70000', '87500', '1028000', '6806000', '4775000', '12609000', '17303500', '30000000', '30000000', '(2409309', ')', '1556376', '(1388576', ')', '(12005872', ')', '(17303500', ')', '(17500', ')', '32190939', '622558', '622558']"
Total net assets acquired,['30000000']
"Income from discontinued operations, net of taxes",['622558']
Income Tax Provision,"['31', '636814', '(636814', ')', '31', '31', '(399719', ')', '(1144696', ')', '(83941', ')', '(240386', ')', '148', '51400', '83793', '188986']"
Expected income tax recovery from net loss,"['(83941', ')', '(240386', ')']"
Cash Equivalents,[]
Property and Equipment,[]
Long-lived Assets,[]
Basic and Diluted Earnings Per Share,[]
Schedule of Estimated Useful Life of Property and Equipment,['30']
Schedule of Purchase Price of Business Acquisition,"['17500', '70000', '87500', '1028000', '6806000', '4775000', '12609000', '17303500', '30000000', '30000000']"
Schedule of Financial Information for Discontinued Operations,"['(2409309', ')', '1556376', '(1388576', ')', '(12005872', ')', '(17303500', ')', '(17500', ')', '32190939', '622558', '622558']"
Schedule of Components Deferred Tax Assets,"['31', '636814', '(636814', ')']"
Schedule of Effective Income Tax Rate Reconciliation,"['31', '31', '(399719', ')', '(1144696', ')', '(83941', ')', '(240386', ')', '148', '51400', '83793', '188986']"
Total shareholders' equity,"['1617058', '1324846']"
Inventories,"['20495', '24952']"
Net income per share - basic (in usd per share),"['1', '6.32', '0.05', '1.85']"
Net income per share - diluted (in usd per share),"['1', '6.05', '0.05', '1.70']"
"Other comprehensive income (loss), net of tax effects:",[]
"Changes in unrealized holding gains or losses on available-for-sale securities, net of reclassification adjustments for realized gains and losses","['0', '0', '1712']"
"Total other comprehensive income (loss), net of tax effects","['(12146)', '(18512)', '21530']"
Net earnings (loss) from discontinued operations,"['(89.3)', '(109.8)', '77.6']"
Net earnings (loss) attributable to CDK per share - basic:,[]
Net earnings (loss) attributable to CDK per share - diluted:,[]
"Property, plant and equipment, net of accumulated depreciation of $275.2 and $250.8, respectively","['109.1', '144.8']"
Less: net earnings (loss) from discontinued operations,"['(89.3)', '(109.8)', '77.6']"
"Proceeds from sale of property, plant and equipment","['0.0', '7.4', '1.8']"
"Effect of exchange rate changes on cash, cash equivalents, and restricted cash","['(9.8)', '(6.9)', '1.4']"
"Net change in cash, cash equivalents, and restricted cash","['5271', '9596', '(20116)']"
"Cash, cash equivalents, and restricted cash, beginning of period","['270689', '261093', '281209']"
"Cash, cash equivalents, and restricted cash end of period","['232.2', '321.1', '817.1']"
"Total cash, cash equivalents, and restricted cash","['321.1', '321.1', '817.1']"
"Income taxes and foreign withholding taxes, net of refunds, continuing operations","['54.1', '124.2', '118.9']"
Capitalized property and equipment obtained under lease,"['23.7', '15.9', '0.4']"
Net (loss) income per share:,[]
Cash and equivalents,"['136717', '139413']"
Total current assets before customer trust funds,"['419.6', '330.6']"
"Property, plant, and equipment, net","['128.3', '104.4']"
Total current liabilities before customer trust funds obligations,"['178.1', '149.9']"
Total liabilities and equity,"['1801884', '1313747']"
"Other expense (income), net","['68', '(387)', '2012']"
Net loss attributable to noncontrolling interest,"['(0.5)', '(1.3)']"
Net income (loss) attributable to Ceridian,"['78.7', '(60.6)', '3.3']"
Net income (loss) per share attributable to Ceridian:,[]
"Income tax expense (benefit), net","['12.0', '(1.2)', '(3.6)']"
"
[1]
The amount of the pension liability adjustment recognized in the Consolidated Statements of Operations within other expense (income), net was $10.1 million, $11.7 million, and $10.1 million during the years ended December 31, 2019, 2018, and 2017, respectively.
",['1']
"Other Expense (Income), Net [Member]",[]
Total stockholders' equity(deficit),"['(188458)', '(187708)']"
"SUMMARY OF OPERATIONS, SIGNIFICANT ACCOUNTING POLICIES AND RECENT ACCOUNTING PRONOUNCEMENTS","['2019', '2018', '681211', '706211', '37334407', '20333620', '186672036', '101668101', '224687654', '122707932']"
REVENUE,[]
LEASES,"['31', '31', '6', '63', '69', '17', '63', '80', '31', '1.0', '10.0', '31', '63', '63']"
"Property and equipment, net operating lease-right of use asset",['63']
Total liabilities and stockholders' equity (deficit),"['28359000', '898000']"
"Total other income, net","['3664', '1609', '712']"
Net loss per common share - Basic and diluted:,"['(0.18)', '(0.17)']"
"Inventories, net","['192333', '141518']"
Current portion of deferred revenues,"['1352333', '1345243']"
Long-term portion of deferred revenues,"['443458', '489329']"
"Total liabilities, temporary equity and stockholders' equity","['4388926', '5136049']"
Cost of net revenues:,[]
Total cost of net revenues,"['464047', '433803', '439646']"
"Loss from discontinued operations, net of income tax expense of $2,900 in 2017","['0', '0', '(42704)']"
Basic net earnings (loss) per share (USD per share),"['5.21', '4.23', '(0.13)']"
Diluted net earnings (loss) per share (USD per share),"['5.03', '3.94', '(0.13)']"
Cost of services and maintenance revenues,"['310255', '266495', '250602']"
Change in net unrealized gains (losses),"['2881', '(1770)', '(3285)']"
Less: reclassification adjustment for net (gains) losses included in net income,"['(580)', '5996', '(273)']"
Less: reclassification adjustment for net losses (gains) included in net income,"['699', '(758)']"
"Revenues, net","['10548295', '9253450']"
Sale of goods revenues,"['8620574', '3752987']"
"Service, software and related revenues","['349774', '629382']"
"Total revenues, net","['10028701', '4532782']"
Product sale revenues,"['7558075', '3231704']"
 Total cost of revenues,"['7907849', '3861086']"
"Marketable securities, current","['11', '28230']"
"Marketable securities, non-current","['0', '6658']"
Revenues [Abstract],[]
"Weighted-average shares used in computing net loss per share, basic and diluted (in shares)","['280772', '159816', '114141']"
"Other comprehensive income, net of tax:",[]
"Total other comprehensive income (loss), net of tax","['3804', '(743)', '2025']"
Total stockholders’ equity (deficit),"['307938', '(68930)']"
"Total liabilities, redeemable convertible preferred stock and stockholders’ equity (deficit)","['435398', '197234']"
"Net loss per share attributable to common stockholders, basic and diluted (in dollars per share)","['(2.36)', '(1.26)', '(0.70)']"
"Weighted-average shares used in computing net loss per share attributable to common stockholders, basic and diluted (in shares)","['83269', '26770', '22571']"
"Change in unrealized gain (loss) on investments, net of tax","['118', '49', '(17)']"
Net income (loss) per common share:,[]
Net loss per share — basic and diluted (usd per share),"['(0.07)', '(0.58)', '(1.07)']"
Net change in unrealized gains (losses) on investments,"['404', '469', '(434)']"
"Other comprehensive (loss) income, net of tax","['(1881)', '(735)', '296']"
"Total liabilities, temporary equity and stockholders’ equity","['1594073', '740064']"
"Interest income and other, net","['1143', '1220', '1', '921', '1']"
"Weighted-average number of shares used in computing net loss per share attributable to common stockholders, basic and diluted","['62484', '57716', '52999']"
"Other comprehensive income (loss) in relation to defined benefit plans, net of tax","['119', '598', '(298)']"
"Unrealized gain on marketable securities, net of tax","['417', '35']"
"Total CrowdStrike Holdings, Inc. stockholders’ equity (deficit)","['742607', '(487793)']"
"Total liabilities, redeemable convertible preferred stock, and stockholders’ equity (deficit)","['1891138', '1615417']"
"Net loss attributable to Class A and Class B common stockholders, basic and diluted","['(141779)', '(140077)', '(141343)']"
"Net loss per share attributable to Crowdstrike Class A and Class B common stockholders, basic and diluted (in usd per share)","['(0.96)', '(3.12)', '(3.38)']"
"Weighted average number of shares used in computing net loss per share attributable to Crowdstrike Class A an Class B common stockholders, basic and diluted (in shares)","['148062000', '44863000', '41876000']"
Deferred revenues,"['5460', '6487']"
"TOTAL LIABILITIES, CONVERTIBLE PREFERRED STOCK AND STOCKHOLDERS' EQUITY (DEFICIT)","['1038041', '179750']"
Basic and diluted net loss per share,"['(0.12)', '(0.15)', '(0.04)']"
Weighted average shares used in calculating basic and diluted net loss per share:,"['140', '71', '61']"
Unrealized gain on available-for-sale marketable securities,['47']
Net revenues,"['308749', '325839', '402361']"
Costs of revenues,"['69448', '87735', '84670']"
Other direct costs of revenues,"['432000', '400000', '344000', '278000', '470000', '538000', '508000', '507000', '1454000', '2023000', '1729000']"
"Interest and other income / (expense), net",[]
"Total interest and other income / (expense), net","['721000', '(830000)', '(4380000)', '(4818000)', '(8384000)', '(3376000)', '1730000', '2752000', '(9307000)', '(7278000)', '(14839000)']"
"Income / (loss) from continuing operations, net of taxes","['14027000', '3261000', '(1337000)', '(1671000)', '(6762000)', '(1136000)', '2068000', '1528000', '14280000', '(4302000)', '(19697000)']"
"Loss from discontinued operations, net of taxes","['(380000)', '(1708000)', '(33160000)']"
Net income / (loss),"['13900000', '(6010000)', '(52857000)']"
Basic net income / (loss) per common share,[]
Basic net income / (loss) per common share (in dollars per share),"['0.17', '(0.08)', '(0.75)']"
Diluted net income / (loss) per common share,[]
Diluted net income / (loss) per common share (in dollars per share),"['0.16', '(0.08)', '(0.75)']"
"Interest income and other income, net","['19207', '8959', '3135']"
"Net loss per share attributable to common stockholders, basic and diluted (in usd per share)","['(0.39)', '(0.18)', '(0.23)', '(0.23)', '(0.21)', '(0.28)', '(0.73)', '(0.68)', '(1.03)', '(1.38)', '(1.88)']"
"Weighted-average number of shares used in computing net loss per share attributable to common stockholders, basic and diluted (in shares)","['176704', '135163', '32294']"
"Foreign currency translation gains (losses), net of tax","['(573)', '(5626)', '6149']"
"Net loss per share, basic and diluted (in usd per share)","['(1.24)', '(1.27)', '(1.60)']"
"Weighted-average number of shares used in computing net loss per share, basic and diluted (shares)","['27520', '16358', '1595']"
"

[1]
(1) Includes stock-based compensation as follows (in millions): Year ended December 31, 2019 2018 2017Cost of revenue$15.8 $47.0 $12.2Research and development147.6 368.2 93.1Sales and marketing31.4 94.3 33.7General and administrative66.4 140.6 25.6


[2]
During the year ended December 31, 2018, the Company recognized the cumulative unrecognized stock-based compensation of $418.7 million related to the two-tier restricted stock units upon the effectiveness of the Company's registration statement for its initial public offering. See Note 1, ""Description of the Business and Summary of Significant Accounting Policies"" for further details.


[3]
During the year ended the year ended December 31, 2017, general and administrative expense includes $9.4 million for a non-cash charitable contribution and $1.9 million of cash contributions to the Dropbox Charitable Foundation, a related party. See Note 15, ""Related Party Transactions"" for further details.

","['1', '2019', '2018', '2017', '15.8', '47.0', '12.2', '147.6', '368.2', '93.1', '31.4', '94.3', '33.7', '66.4', '140.6', '25.6', '2', '3']"
Change in net unrealized losses on short-term investments,"['1.6', '(0.5)', '0.0']"
Total shareholders' equity / member's deficit,"['961497', '(390258)']"
Total liabilities and shareholders' equity / member's deficit,"['2042080', '1811366']"
"Net income (loss) per share, basic and diluted (in dollars per share)","['(1.58)', '(0.49)', '0.04']"
Net income including noncontrolling interest,"['90571', '93081', '102583']"
Net income attributable to noncontrolling,"['(6149)', '(58)', '1965']"
"Net income attributable to Ebix, Inc.","['96720', '93139', '100618']"
"Total Ebix, Inc. stockholders’ equity","['550114', '478195']"
Total non-current assets,"['23662', '851']"
TOTAL LIABILITIES AND STOCKHOLDERS' EQUITY (DEFICIT),"['24916', '2538']"
REVENUES (Note 4),"['581', '1062']"
COST OF REVENUES,"['259', '699']"
GROSS PROFIT,"['322', '363']"
"Interest expense, net of interest income","['(422)', '(417)']"
NET LOSS,"['(18023634)', '(12462979)']"
NET LOSS PER SHARE,[]
SHARES USED IN CALCULATION OF NET LOSS PER SHARE,[]
"Other comprehensive income, net of taxes:",[]
"Net loss per share attributable to ordinary shareholders, basic and diluted (in dollars per share)","['(2.12)', '(1.86)', '(1.65)']"
"Weighted-average shares used to compute net loss per share attributable to ordinary shareholders, basic and diluted (in shares)","['78799732', '54893365', '32033792']"
Total equity,"['58735922', '43211815', '2']"
Add: Net loss attributable to non-controlling interest,"['420', '1745', '0']"
"Net income (loss) attributable to Envestnet, Inc.","['(16782)', '5755', '(3280)']"
"Net income (loss) per share attributable to Envestnet, Inc.:",[]
Professional services and other revenues,[]
"Other comprehensive income (loss), net of taxes:",[]
"Foreign currency translation gains (losses), net","['40', '(112)', '33']"
"Comprehensive income (loss) attributable to Envestnet, Inc.","['(17537)', '4137', '(2234)']"
"Other income (expense), net:",[]
"Total other income (expense), net","['162', '(170)', '(5487)']"
"
[1]
Represents the impact of foreign currency translation for instances when goodwill is recorded in foreign entities whose functional currency is also their local currency. Goodwill balances are translated into U.S. dollars using exchange rates in effect at period end. Adjustments related to foreign currency translation are included in other comprehensive income (loss).
",['1']
Goodwill impairment loss,"['6687', '17760']"
Total costs of revenue and operating expenses,"['33644', '46639']"
Basic loss per common share - net loss,"['(0.80)', '(1.22)']"
Diluted loss per common share - net loss,"['(0.80)', '(1.22)']"
"Total liabilities, convertible preferred stock, and stockholders’ equity (deficit)","['320969000', '162754000']"
"Net loss per share attributable to common stockholders, basic and diluted (USD per share)","['(0.75)', '(1.27)', '(1.39)']"
Total gross profit,"['235801', '173008', '144030']"
"Weighted average shares used in computing net loss per share, basic and diluted (in shares)","['207234', '190803', '177757']"
"Change in net unrealized gains (losses) on available-for-sale investments, net of tax","['3479', '582', '(1139)']"
Shares used in computing net loss per share:,[]
PROPERTY AND EQUIPMENT—NET,"['344.3', '271.4']"
GOODWILL,"['76845', '69658']"
GROSS PROFIT:,[]
INTEREST INCOME—NET,"['42.5', '26.5', '13.5']"
OTHER INCOME (EXPENSE)—NET,"['(7.5)', '(6.6)', '0.7']"
NET INCOME,"['326.5', '332.2', '31.4']"
Net income per share (Note 9):,[]
Gross profit:,[]
Reclassification adjustment for realized gains (losses) included in net income (loss),"['632', '(552)', '(22)']"
"Net income (loss) per share, basic","['0.06', '(0.00)']"
"Net income (loss) per share, diluted","['0.05', '(0.00)']"
"Net loss per common share, basic and diluted","['(1.28)', '(1.66)', '(1.08)']"
Weighted average common shares used in computing basic and diluted net loss per common share:,"['42025', '38529', '36827']"
"Changes in unrealized gain (loss) on investments, net of income taxes of $156 in 2019, $0 in 2018, and $0 in 2017.","['600', '110', '(161)']"
Total IDEX shareholder's equity,"['33557164', '44242441']"
"Total liabilities, convertible redeemable preferred stock and equity","['126944444', '94235112']"
"Loss on disposal of subsidiaries, net","['(951594)', '(1183289)', '1']"
Net (income) loss attributable to non-controlling interest,"['(852240)', '996728', '1']"
Net loss attributable to IDEX common shareholders,"['(98507524)', '(27426356)', '1']"
"Other comprehensive loss, net of nil tax",[]
Basic and diluted net loss per share:,[]
Liquidity and Management's Plans,['3.']
Fair Value Measurements,"['6.', '31', '31', '(', '942256', '(', '1000261', '(', '2011859', '(', '2275686', '(', '1028792', '(', '900000', '3982907', '4175947', '31', '31', '(', '46807', '2016', '(', '405784', '(', '433117', '2017', '(', '445810', '(', '504271', '2018', '(', '457241', '(', '400000', '1308835', '1384195', '(', '(', '(']"
Property and Equipment:,[]
TOTAL LIABILITIES AND STOCKHOLDERS’ EQUITY (DEFICIT),"['6835000', '4069000']"
"Net income per share attributable to common stockholders, basic (in dollars per share)","['0.32', '0.16']"
"Net income per share attributable to common stockholders, diluted (in dollars per share)","['0.28', '0.14']"
Basic net income per share (in dollars per share),"['0.15', '1.48', '0.50']"
Diluted net income per share (in dollars per share),"['0.15', '1.43', '0.49']"
"Other comprehensive income (loss), net of income taxes:",[]
"Total other comprehensive income (loss), net","['14855', '(9910)', '(21521)']"
Total operating costs and expenses,"['92442', '89180', '71365']"
"Other comprehensive income, net of tax",[]
Net income before income taxes,"['2333091', '13075324']"
Income before income taxes and net loss in earnings of equity method investment,"['199598', '177587', '199966']"
Net Loss from Equity Method Investments,"['168', '4140', '0']"
Net change in cash and cash equivalents,"['10601', '134971', '42466']"
Cash and cash equivalents at beginning of year,"['209474', '350945', '123950']"
Cash and cash equivalents at end of year,"['575615', '209474', '350945']"
"Property and equipment, at cost:",[]
"Property and equipment, at cost","['1132430', '1176241']"
"Total other assets, net","['1234931', '339421']"
"Operating costs and expenses, net:",[]
"Earnings from discontinued operations, net of income taxes","['370', '2690', '17032']"
Loss reclassified from accumulated OCI into net earnings,"['0', '24328', '3455']"
"Other comprehensive income (loss), foreign currency transaction and translation gain (loss) arising during period, net of tax","['0', '0', '80']"
(Gains) losses on the disposition of property and equipment,"['(9768)', '(6244)', '1627']"
Proceeds from the sale of property and equipment,"['22774', '9714', '10259']"
"Effect of actuarial gains (losses) and prior service cost, net","['29401', '29401']"
Nature of Operations and Summary of Significant Accounting Policies,"['2020', '2019', '2018', '144', '137', '137', '2097', '2106', '2100', '2241', '2243', '2237', '880564', '880564', '425', '(386)', '39', '85564', '1006', '86570', '159821', '159821', '120083', '(4702)', '115381', '770818', '770818', '263770', '(41883)', '221887', '1577034', '(2870)', '1574164']"
Revenue,"['2020', '2019', '348987', '336807', '320647', '272815', '171407', '163047', '158258', '157969', '15295', '12705', '6912', '6764', '1021506', '950107', '2020', '2019', '46273', '50018', '(5440)', '(5173)', '2708', '1428', '43541', '46273', '2021', '4934', '2022', '4828', '2023', '4628', '2024', '4436', '2025', '4208', '20507', '43541']"
Franchise rental revenues,"['320647', '272815']"
Summary of Refranchisings and Franchisee Acquisitions,"['2020', '2019', '2018', '135', '(1)', '3395', '1280', '26486', '70461', '3395', '1280', '96947', '(21329)', '(2)', '(4663)', '(2)', '(134)', '88', '(24791)', '3261', '1366', '46164', '73', '903', '263', '6', '414', '(800)', '859']"
Net assets sold (primarily property and equipment),['(21329)']
Goodwill related to the sale of company-operated restaurants,"['(2)', '(4663)']"
Property and equipment,['903']
Goodwill ,['414']
"Total Other (expense) income, net","['(6194)', '(471)', '136']"
Net loss per share of common stock:,[]
Weighted-average shares used to compute net loss income per share:,[]
"Other (loss) income, net","['(562)', '1277', '(1986)']"
"Goodwill, net","['62237', '62240']"
Cash and cash equivalents at beginning of period,"['134279', '185926', '36151']"
Cash and cash equivalents at end of period,"['232682', '134279', '185926']"
"Net loss per share available to common stockholders, basic and diluted","['(1.95)', '(7.13)']"
"Weighted-average shares used to compute net loss per share available to common stockholders, basic and diluted","['6373', '5783']"
Cost of Revenues [Member],[]
"Interest income and other income (expense), net","['58345', '56135', '4384']"
Change in unrealized gain (loss) on marketable securities,"['22', '12', '(11)']"
"Property and equipment, at cost, net",['3536']
Total Liabilities and Stockholders' Equity (Deficit),"['4294', '523']"
Impairment of property and equipment,"['686', '793']"
Gain (loss) on sale of property and equipment,"['599', '(47)']"
"

[1]
Reflects the $157 million net charge related to the enactment of the TCJA for the second quarter and the $2.6 billion net income tax benefit related to the intangible property transfers for the fourth quarter, which together increased net income by $2.4 billion for fiscal year 2019. See Note 12 – Income Taxes for further information.


[2]
Reflects the net charge related to the enactment of the TCJA and the net income tax benefit related to the intangible property transfers, which decreased (increased) diluted EPS $0.02 for the second quarter, $(0.34) for the fourth quarter, and $(0.31) for fiscal year 2019.

","['1', '2']"
"
[1]
Reflects the $157 million net charge related to the enactment of the TCJA for the second quarter and the $2.6 billion net income tax benefit related to the intangible property transfers for the fourth quarter, which together increased net income by $2.4 billion for fiscal year 2019. See Note 12 – Income Taxes for further information.
",['1']
"Total cash, cash equivalents, and short-term investments","['136527', '133819']"
"Property and equipment, net of accumulated depreciation of $43,197 and $35,330","['44151', '36477']"
"Property and equipment, accumulated depreciation","['43197', '35330']"
Adjustments to reconcile net income to net cash from operations:,[]
Effect of foreign exchange rates on cash and cash equivalents,"['(201)', '(115)', '50']"
"Other comprehensive income (loss), net of applicable taxes:",[]
Net income (loss) per share—basic (in dollars per share),"['0.19', '(0.02)', '(0.33)']"
Net income (loss) per share—diluted (in dollars per share),"['0.18', '(0.02)', '(0.33)']"
Shares used in calculating net income (loss) per share—basic (in shares),"['41410', '39341', '35811']"
Shares used in calculating net income (loss) per share—diluted (in shares),"['42533', '39341', '35811']"
Total MiX Telematics Limited stockholders’ equity,"['99020', '116936']"
Net interest income,"['67', '233', '385']"
Net income for the year,"['10987', '14810', '13952']"
Net income attributable to MiX Telematics Limited stockholders,"['10987', '14810', '13947']"
Net income attributable to non-controlling interest,"['0', '0', '5']"
Net income per ordinary share,[]
Net income per American Depository Share,[]
TOTAL CURRENT ASSETS,"['1449221', '1056523']"
TOTAL CURRENT LIABILITIES,"['930373', '713991']"
Other income (expense) - net,"['1361', '1124', '988']"
"Weighted-average shares used to compute net loss per share, basic and diluted (in shares)","['117221', '107504', '83004']"
"Other expenses (income), net","['(76)', '319', '(722)']"
Weighted average number of shares used in computing net loss per    share attributable to common stockholders:,[]
"Other comprehensive income (loss), net:",[]
"Net loss per share, basic and diluted - (in dollars per share)","['(3.14)', '(1.90)', '(3.54)']"
"Revenues in excess of billings, net of allowance of $188,914 and $194,684","['17198281', '14719047']"
Revenues in excess of billings - related party,"['8163', '110827']"
"Revenues in excess of billings, net - long term","['1300289', '1281492']"
Unearned revenues,"['4095472', '5977736']"
Total NetSol stockholders' equity,"['58988143', '58069243']"
"Revenues in excess of billings, allowance","['188914', '194684']"
Net Revenues:,[]
Total net revenues,"['300821', '636731']"
Share of net loss from equity investment,"['(605864)', '(841845)']"
Net income attributable to NetSol,"['937081', '8583399']"
Net income per common share - Basic,"['0.08', '0.74']"
Net income per common share - Diluted,"['0.08', '0.74']"
Comprehensive income (loss) attributable to NetSol,"['(22960)', '(155536)']"
"Total liabilities, redeemable non-controlling interest and stockholders’ equity","['1258434', '1090227']"
Net loss attributable to New Relic,"['(88937)', '(40893)', '(45320)']"
"Net loss attributable to New Relic per share, basic and diluted (in usd per share)","['(1.52)', '(0.72)', '(0.83)']"
"Unrealized gain (loss) on available-for-sale securities, net of tax","['4224', '969', '(228)']"
"
[1]
Net income per share amounts may not add due to rounding.
",['1']
Reclassification adjustments for net loss included in net income,"['0', '0', '5']"
Reclassification adjustments for gain included in net income,"['0', '0', '(4)']"
Net unrealized gain (loss) on available-for-sale securities,"['1', '3', '(9)']"
Reclassification adjustments for income included in net income,"['(1)', '0', '0']"
Net other comprehensive income (loss) from equity method investee,"['1', '(1)', '0']"
"Other comprehensive loss, net of taxes","['(9)', '(11)', '(8)']"
Impairment of goodwill and other intangible assets,"['0', '0', '170941']"
Net income (loss) from continuing operations,"['28782', '(12198)', '(236837)']"
Net (loss) income from discontinued operations,"['(7386)', '226008', '76909']"
Net income (loss) per common share - basic:,[]
Total net income (loss) per basic common share (per share),"['0.08', '0.75', '(0.55)']"
"
[1]
Segment revenues differ from reported revenues due to certain revenue adjustments related to acquisitions that would otherwise have been recognized but for the purchase accounting treatment of the business combinations. These revenues are included to allow for more complete comparisons to the financial results of historical operations and in evaluating management performance. 
",['1']
"Other Comprehensive Income (Loss), Net of Tax, Portion Attributable to Noncontrolling Interest","['12331', '0', '0']"
"Other Comprehensive Income (Loss), Foreign Currency Transaction and Translation Reclassification Adjustment from AOCI, Realized upon Sale or Liquidation, Net of Tax","['0', '5605', '0']"
Unrealized (loss) gain on marketable securities,"['(66)', '246', '(192)']"
"Total Nuance Communications, Inc. stockholders' equity","['1143933', '2155006']"
Total liabilities and stockholders’ equity (deficit),"['1768547', '1786042']"
Net income (loss) per share attributable to common stockholders—basic and diluted (in dollars per share),"['(0.93)', '(1.23)', '(1.13)', '(1.21)', '(1.04)', '(1.15)', '(0.68)', '(0.54)', '(3.43)', '(1.81)', '(4.48)', '(3.43)', '(1.81)']"
Weighted-average shares used in computing net income (loss) per share attributable to common stockholders—basic and diluted (in shares),"['194719', '181031', '164091']"
"Change in unrealized (loss) gain on available-for-sale securities, net of tax","['1361', '1671', '(896)']"
Net change in unrealized gains or losses on available-for-sale securities,"['1220', '179', '(202)']"
Net income (loss) per share,[]
"Weighted average shares used in calculating net loss per share, basic and diluted (in shares)","['65544', '21410', '19986']"
Loss on impairment of goodwill,"['0', '10354172']"
Net income (loss) per share - basic,"['0.06', '(7.06)']"
Net income (loss) per share - diluted,"['0.05', '(7.06)']"
"Net loss per share, basic and diluted","['(0.56)', '(1.43)', '(0.24)']"
"Weighted-average shares used to compute net loss per share, basic and diluted","['96.9', '94.5', '91.7']"
"PROPERTY AND EQUIPMENT, NET","['5443775', '4713710']"
Net billings in excess of revenues,"['227304', '242986']"
"Deferred Income Tax Liabilities, Net",['8385748']
REVENUES,[]
Cost of revenues (excluding depreciation and amortization),"['10054030', '3683609']"
Total cost and operating expenses,"['46350145', '22334693']"
"Other income and (expense), net","['577537', '705140']"
Net loss per common share and equivalents - basic,"['(0.28)', '(0.76)']"
Net loss per common share and equivalents - diluted,"['(0.28)', '(0.76)']"
Total other assets,"['23278732', '23419406']"
Net income applicable to common shareholders,"['1006825', '3315963']"
"Other (expense)/income, net","['(23.4)', '(3.3)', '8.6']"
"Property and equipment, net of accumulated depreciation","['164000', '97000']"
"Deferred income tax liabilities, net","['91217', '70206']"
"Unrealized gains (losses) on securities, net of tax","['563', '251', '(139)']"
Weighted-average shares used in computing net income per share:,[]
"Cash, Cash Equivalents, Restricted Cash and Restricted Cash Equivalents","['88759', '42226', '87791']"
"Total cash, cash equivalents, and marketable securities","['68363', '207423']"
"Net unrealized gain on available-for-sale marketable securities, net of tax","['0', '(249)']"
"Other income (loss), net","['559', '363', '(1391)']"
Unrealized gain (loss) on available-for-sale marketable securities,"['249', '(17)', '(63)']"
Total noncurrent assets,"['645145', '655591']"
Total noncurrent liabilities,"['88348', '285859']"
Net income (loss) per share:,[]
Weighted-average shares used in computing net income (loss) per share:,[]
"Total stockholders’ equity attributable to Pluralsight, Inc.","['182985', '101426']"
Less: Net loss attributable to non-controlling interests,"['(56)', '(60)', '2', '(12)', '2']"
"Net loss attributable to Pluralsight, Inc.","['(112658)', '(97113)', '(96536)']"
Net loss attributable to shares of Class A common stock,"['(112658)', '(273388)', '(160336)']"
Weighted average common shares used in computing basic and diluted net loss per unit (in shares),"['1', '94515']"
"
[1]
Represents net loss per share of Class A common stock and weighted-average shares of Class A common stock outstanding for the portion of the periods following the Reorganization Transactions and Pluralsight, Inc.’s initial public offering described in Note 1—Organization and Description of Business. See Note 17—Net Loss Per Share for additional details.
",['1']
"Total cash, cash equivalents and short-term investments","['173685', '139513']"
"Foreign currency loss, net","['(2819)', '(3089)', '1', '(1317)', '1']"
"Unrealized loss on hedging activity, net of tax benefit of $503 in 2019 and $0 in 2018 and 2017","['0', '0']"
"Unrealized gain (loss) on investments, net of tax provision (benefit) of $60 in 2019, $57 in 2018, and ($60) in 2017","['173', '26', '3', '(93)', '3']"
"Total other comprehensive (loss) income, net of tax","['(1798)', '(9770)', '3', '10155', '3']"
"Unrealized gain (loss) on investments, net of tax provision (benefit)","['60', '57', '(60)']"
"

[1]




 (1) Includes stock-based compensation expense as follows:

 

 

 

 

 

 

 

 

 

 

 

 



Cost of subscription revenue

 

$

16,966

 

 

$

14,012

 

 

$

10,635

 



Cost of hardware and services revenue

 

$

4,001

 

 

$

2,287

 

 

$

1,893

 



Research and development

 

$

50,739

 

 

$

40,204

 

 

$

30,588

 



Sales and marketing

 

$

61,858

 

 

$

50,320

 

 

$

33,962

 



General and administrative

 

$

42,761

 

 

$

35,885

 

 

$

20,382

 




[2]




 (2) Includes intangible amortization expense as follows:

 

 

 

 

 

 

 

 

 

 

 

 



Cost of subscription revenue

 

$

30,760

 

 

$

26,971

 

 

$

14,512

 



Research and development

 

$

—

 

 

$

45

 

 

$

60

 



Sales and marketing

 

$

14,888

 

 

$

14,141

 

 

$

3,934

 



","['1', '16966', '14012', '10635', '4001', '2287', '1893', '50739', '40204', '30588', '61858', '50320', '33962', '42761', '35885', '20382', '2', '30760', '26971', '14512', '45', '60', '14888', '14141', '3934']"
"Unrealized gain (loss) on investments, net","['8', '2', '(2)']"
"Intangible Assets, Net (Excluding Goodwill)","['14605', '19354']"
"Accumulated Other Comprehensive Income (Loss), Net of Tax","['(3911)', '(3374)']"
Net Income (Loss) Attributable to Parent,"['(69081)', '(64246)', '(77926)']"
Net earnings (loss) per share:,[]
"Other Comprehensive Income (Loss), Foreign Currency Transaction and Translation Adjustment, Net of Tax","['(537)', '(558)', '2107']"
"Other Comprehensive Income (Loss), Net of Tax","['(537)', '(558)', '2094']"
Effect of Exchange Rate on Cash and Cash Equivalents,"['(75)', '174', '(529)']"
Cash and cash equivalents:,[]
"Income Taxes Paid, Net","['(308)', '(262)', '(271)']"
Long-term marketable securities,"['30970', '29544']"
"Hedge gain (loss) arising during the period, net of tax of $1.7 million, $1.7 million, and $0.2 million in 2020, 2019, and 2018, respectively","['(13242)', '5251', '1445']"
"Net hedge gain (loss) reclassified into earnings, net of tax of $0 million, $0.1 million, and $0.1 million in 2020, 2019, and 2018, respectively","['0', '(549)', '483']"
"Unrealized gain on marketable securities, net of tax of $0 for all periods","['188', '530', '(269)']"
"Amortization of net actuarial pension gain included in net income, net of tax of $0.9 million, $0.7 million, and $0.7 million in 2020, 2019, and 2018, respectively","['2983', '1691', '1629']"
"Pension net loss arising during the period net of tax of $0.7 million, $3.6 million, and $1.5 million in 2020, 2019, and 2018, respectively","['(2791)', '(8743)', '(3787)']"
"Net hedge gain (loss) reclassified into earnings, tax","['0', '100000', '100000']"
"Unrealized gain on marketable securities, tax","['0', '0', '0']"
"Amortization of net actuarial pension gain included in net income, tax","['900000', '700000', '700000']"
Tax provision (benefit) related to pension net loss occurring during the year,"['700000', '3600000', '1500000']"
Purchases of short- and long-term marketable securities,"['(33869)', '(33027)', '(24311)']"
Proceeds from sales of short- and long-term marketable securities,"['1521', '1507', '0']"
Proceeds from maturities of short- and long-term marketable securities,"['30521', '30469', '18140']"
"Effect of exchange rate changes on cash, cash equivalents and restricted cash","['(2)', '1', '3', '(3)', '3']"
"Cash, cash equivalents, and restricted cash, end of period","['275960', '270689', '261093']"
"Deferred revenues, current portion","['57850', '42531']"
"Deferred revenues, net of current portion","['32954', '23063']"
"Net loss per common share, basic and diluted (usd per share)","['(1.53)', '(0.83)', '(0.63)']"
"
[1]
Includes stock-based compensation expenses as follows:  Year Ended December 31,  2019 2018 2017Cost of revenues $6,427 $4,773 $3,729Sales and marketing 7,740 5,837 3,243Research and development 9,864 6,852 4,464General and administrative 15,347 11,758 9,503Total stock-based compensation expenses $39,378 $29,220 $20,939
","['1', '2019', '2018', '2017', '6427', '4773', '3729', '7740', '5837', '3243', '9864', '6852', '4464', '15347', '11758', '9503', '39378', '29220', '20939']"
"Property and equipment, net of accumulated depreciation and amortization of $38,861 and $39,173 at January 31, 2020 and January 31, 2019, respectively","['28687', '29621']"
Diluted net (loss) income per share:,[]
Basic net (loss) income per share:,[]
Basic net (loss) income per share (in dollars per share),"['(0.69)', '0.46', '(0.41)']"
Diluted net (loss) income per share (in dollars per share),"['(0.69)', '0.44', '(0.41)']"
"Marketable Securities, Current","['211331000', '248140000']"
"Marketable Securities, Noncurrent","['119508000', '76710000']"
Weighted average shares used in computing net income per share:,[]
"Change in net unrealized loss on investments, net of tax",['(462)']
"Reclassification adjustment for net loss realized and included in net income, net of tax effects of $0 in fiscal years 2019, 2018 and 2017.","['0', '289', '44']"
"Total change in unrealized gain (loss) on marketable securities, net of taxes","['1367', '28', '(418)']"
Loss on disposal of property and equipment,"['202', '9', '161']"
Payments to Acquire Marketable Securities,"['331131', '339862', '299891']"
Proceeds from Sale and Maturity of Marketable Securities,"['328350', '285224']"
"Cash, Cash Equivalents, Restricted Cash and Restricted Cash Equivalents, Period Increase (Decrease), Including Exchange Rate Effect","['46533', '(45565)', '(146)']"
"Cash paid for income taxes, net of refunds","['3031', '2693', '1584']"
Purchases of property and equipment recorded in accounts payable and accrued liabilities,"['235', '4190', '2765']"
"Property and equipment, net of depreciation","['596000', '545000']"
Net loss per share – basic:,[]
Net loss per share – basic,"['(0.62)', '(0.38)', '(1.25)']"
Net loss per share – diluted:,[]
Net loss per share – diluted,"['(0.63)', '(0.39)', '(1.25)']"
Adjustment for net losses realized and included in net loss,"['0', '0', '3']"
"Property, equipment, and software, net","['163282', '153528']"
Net income per share attributable to common stockholders:,[]
Net loss per common share,[]
Weighted-average number of shares used in computing net loss per share,[]
Net loss before provision for income taxes,"['(125039)', '(1331947)']"
Adjustments to reconcile net loss to net cash flows used in operating activities,[]
Income Taxes,[]
Net operating loss carryforwards,"['128193', '91434']"
Use of Accounting Estimates,[]
Cash and Cash Equivalents,[]
Basic and Diluted Loss Per Share,[]
Recent Accounting Pronouncements,[]
Schedule of Deferred Tax Assets and Liabilities,"['31', '31', '128193', '91434', '(128193', ')', '(91434', ')']"
Federal tax net operating loss carryforwards,"['128193', '91434']"
Federal net operating loss carryforwards expire,[]
Ownership interest description,[]
Net loss for period,"['(20518)', '(20518)']"
SUMMARY OF SIGNIFICANT ACCOUNTING POLICIES,['2']
Cost of Sales,[]
Concentrations of Credit Risk,[]
Impairment of long-lived assets,[]
Fair Value,[]
"Property, Plant and Equipment, Useful Life",['3']
Net income (loss) available to common stockholders,"['18441', '364635', '(351873)']"
"Property, Plant and Equipment, Net","['2375', '2051']"
Shares used in computing basic net income per share (in shares),"['829', '751', '715']"
Shares used in computing diluted net income per share (in shares),"['850', '775', '735']"
"

[1]
Amounts include amortization of intangible assets acquired through business combinations, as follows: Fiscal Year Ended January 31, 202020192018Cost of revenues$440  $215  $166  Marketing and sales352  232  121  


[2]
Amounts include stock-based expense, as follows: Fiscal Year Ended January 31, 202020192018Cost of revenues$204  $161  $130  Research and development510  307  260  Marketing and sales852  643  469  General and administrative219  172  138  


[3]
Amounts include a benefit related to the partial release of the valuation allowance of $612 million, and $2 million, for fiscal 2019 and 2018, respectively. The fiscal 2019 benefit was partially offset by an increase in unrecognized tax benefits.

","['1', '2020', '2019', '2018', '440', '215', '166', '352', '232', '121', '2', '2020', '2019', '2018', '204', '161', '130', '510', '307', '260', '852', '643', '469', '219', '172', '138', '3']"
"Other comprehensive income (loss), net of reclassification adjustments:",[]
Unrealized gains (losses) on marketable securities and privately held debt securities,"['26', '(12)', '(4)']"
"Other comprehensive income (loss), net","['(35)', '(39)', '74']"
Net (decrease) increase in cash and cash equivalents,"['52246', '28053', '(15056)']"
Net income (loss) per share - basic (in USD per share),"['3.36', '(0.15)', '(0.68)']"
Net income (loss) per share - diluted (in USD per share),"['3.18', '(0.15)', '(0.68)']"
Weighted-average shares used to compute net income (loss) per share - basic (in shares),"['186466', '177846', '171176']"
Weighted-average shares used to compute net income (loss) per share - diluted (in shares),"['197223', '177846', '171176']"
"Unrealized gains (losses) on investments, net of tax","['8751', '(665)', '5376']"
"
[1]
Includes stock-based compensation as follows: Year Ended December 31, 2019 2018 2017Cost of revenues:     Subscription$72,728 $48,738 $35,334Professional services and other43,123 32,816 27,401Sales and marketing268,408 228,045 170,527Research and development194,821 135,203 92,025General and administrative83,115 99,151 68,717
","['1', '2019', '2018', '2017', '72728', '48738', '35334', '43123', '32816', '27401', '268408', '228045', '170527', '194821', '135203', '92025', '83115', '99151', '68717']"
Subscription | Cost of revenues,[]
Professional services and other | Cost of revenues,[]
"Net income (loss) loss per share, basic","['0.16', '(0.26)', '(1.61)']"
"Net income (loss) loss per share, diluted","['0.15', '(0.26)', '(1.61)']"
"Weighted average shares used in computing net income (loss) per share, basic","['11302780', '10569007', '6197775']"
"Weighted average shares used in computing net income (loss) per share, diluted","['11846348', '10569007', '6197775']"
"Total Slack Technologies, Inc. stockholders’ equity","['708810', '831686']"
Net income attributable to noncontrolling interest,"['2701', '1781', '22']"
Net loss attributable to Slack,"['(571058)', '(140683)', '(140085)']"
Net loss attributable to Slack common stockholders,"['(571058)', '(140683)', '(180968)']"
"Net loss per share attributable to Slack common stockholders, basic and diluted (in dollars per share)","['(1.43)', '(1.16)', '(1.47)']"
"Weighted-average shares used in computing net loss per share attributable to Slack common stockholders, basic and diluted (in shares)","['399461', '121732', '122865']"
Change in unrealized gain or loss on marketable securities,"['427', '591', '(677)']"
Net loss available for common stockholders,"['(837601)', '(936551)']"
"Net loss per share, basic and diluted (in Dollars per share)","['0.00', '0.00']"
Net loss for the period,"['(805577)', '(805577)']"
ORGANIZATION AND BASIS OF PRESENTATION,[]
COMMITMENTS,['4']
DEBT,['5']
STOCKHOLDERS' DEFICIT,"['6', '0.05', '53280406', '1.120', '0.33', '53280406', '0.33', '0.20', '26526234', '0.527', '0.53', '26526234', '0.53', '26526234', '34662500', '(7908328', ')', '53280406', '14842583', '18738235', '(7054584', ')', '26526234']"
MANDATORY REDEEMABLE CONVERTIBLE PREFERRED STOCK,['7']
INCOME TAXES,"['8', '2020', '2019', '8983161', '7972161', '805848', '790015', '98', '371', '(9789107', ')', '(8762547', ')', '2020', '2019', '21.00', '21.00', '(0.01', ')', '(0.01', ')', '(20.99', ')', '(20.99', ')', '0.00', '0.00']"
Net operating loss carryforward,"['8983161', '7972161']"
Cash,[]
Revenue Recognition,[]
Loss Per Share of Common Stock,[]
Schedule of deferred tax assets and liabilities,"['2020', '2019', '8983161', '7972161', '805848', '790015', '98', '371', '(9789107', ')', '(8762547', ')']"
Net losses,"['(805577)', '(929150)']"
"Related party transactions, description",[]
"Operating loss carryforwards, limitations on use",[]
Net loss before income tax provision (benefit),"['(95826)', '(53592)', '(49413)']"
"Net loss per share attributable to common shareholders, basic and diluted (in usd per share)","['(0.85)', '(0.65)', '(2.94)']"
"Weighted-average shares outstanding used to compute net loss per share attributable to common shareholders, basic and diluted (in shares)","['112991', '83141', '18273']"
Net unrealized loss on available-for-sale securities,"['0', '0', '(1)']"
Total non-current liabilities,"['242247', '157825']"
Net income (loss) available to common stockholders per share:,[]
Weighted-average shares used to compute net income (loss) available to common stockholders per share:,[]
"Total interest and other income (expense), net","['(44514)', '(12018)', '(3451)']"
Basic and diluted net loss per share (in dollars per share),"['(2.22)', '(1.89)', '(1.36)']"
Weighted-average shares used in computing basic and diluted net loss per share (in shares),"['151949', '145707', '139866']"
"
[1]
Amounts include stock-based compensation expense as follows: cost of revenues $44,399 thousand, $37,501 thousand, $33,605 thousand, research and development $185,262 thousand, $137,171 thousand, $106,690 thousand, sales and marketing $216,276 thousand, $190,422 thousand, 159,240 thousand, and general and administrative $99,487 thousand, $76,836 thousand, $58,928 thousand for the years ended January 31, 2020, 2019 and 2018 respectively.
",['1']
Net unrealized gain (loss) on investments (net of tax),"['1114', '1279', '(911)']"
Adjustments to reconcile net loss to net cash provided by operating activities,[]
Increase in accrued purchases of property and equipment,"['1329', '666', '132']"
"PROPERTY AND EQUIPMENT, net","['23752', '20957']"
"Reclassification of unrealized (gain) loss on investments into earnings, net of tax of ($133), ($91) and $24","['(398)', '(273)', '39']"
Net income per share,[]
Weighted average common shares used to compute net income per share,[]
Restricted cash and cash equivalents,"['9.0', '6.4', '0.6']"
"Property, plant and equipment, net (Note 4)","['466.4', '553.2']"
Goodwill (Note 9),"['7959.9', '7858.0']"
"Loss on extinguishment of debt, net","['43.3', '2.3']"
"Total comprehensive income (loss), net of tax","['90.0', '(260.3)', '56.4']"
Loss on sale or disposition of property and equipment,"['2.6', '0.3', '0.9']"
Proceeds from sale of property and equipment,"['6.2', '9.7']"
"Cash, cash equivalents and restricted cash, beginning of period","['1113.3', '64.7', '119.7']"
"Cash, cash equivalents and restricted cash and cash equivalents, end of period","['1789.4', '1113.3', '64.7']"
"Reconciliation of cash, cash equivalents and restricted cash and cash equivalents:",[]
Cash and cash equivalents and restricted cash,"['1789.4', '1113.3', '64.7']"
"Income taxes, net of refunds","['222.7', '143.4', '67.6']"
Property and equipment acquired through tenant improvement allowances,"['2.8', '0.7', '10.3']"
"Other non-operating (income) expense, net","['(3962)', '298', '(7610)']"
Weighted-average shares used in computing basic and diluted net loss per share,"['131568', '107900', '100244']"
"

[1]




(1)

Includes stock-based compensation, net of amounts capitalized as follows:
 




 

 

Year Ended December 31,

 



(in thousands)

 

2019

 

 

2018

 

 

2017

 



Cost of revenue

 

$

3,658

 

 

$

8,931

 

 

$

2,503

 



Research and development

 

 

21,159

 

 

 

48,739

 

 

 

9,918

 



Sales and marketing

 

 

11,950

 

 

 

19,046

 

 

 

8,069

 



General and administrative

 

 

23,478

 

 

 

55,054

 

 

 

14,496

 



Stock-based compensation, net of amounts capitalized

 

$

60,245

 

 

$

131,770

 

 

$

34,986

 




[2]




(2)

Includes amortization of acquisition intangible assets as follows:
 




 

 

Year Ended December 31,

 



(in thousands)

 

2019

 

 

2018

 

 

2017

 



Cost of revenue

 

$

5,365

 

 

$

1,952

 

 

$

2,040

 



Sales and marketing

 

 

3,630

 

 

 

2,318

 

 

 

2,421

 



Amortization of acquisition intangible assets

 

$

8,995

 

 

$

4,270

 

 

$

4,461

 



","['1', '(1)', '(', '2019', '2018', '2017', '3658', '8931', '2503', '21159', '48739', '9918', '11950', '19046', '8069', '23478', '55054', '14496', '60245', '131770', '34986', '2', '(2)', '(', '2019', '2018', '2017', '5365', '1952', '2040', '3630', '2318', '2421', '8995', '4270', '4461']"
"Deferred revenues, current","['65858', '57101']"
"Deferred revenues, non-current","['21941', '59841']"
"Other Income (expense), net","['7389', '(74917)', '(17678)']"
Net loss from continuing operations,"['(103467)', '(245280)', '(194224)']"
"Net income from discontinued operations, net of tax","['2', '0', '18288', '75495']"
Net (income) loss attributable to redeemable noncontrolling interests,"['(1126)', '8837', '9291']"
Net loss attributable to Synchronoss,"['(136727)', '(243748)', '(109438)']"
"

[1]
Cost of revenues excludes depreciation and amortization which are shown separately.


[2]
See Note 3. Acquisitions and Divestitures for transactions classified as discontinued operations

","['1', '2']"
Net loss on intra-entity foreign currency transactions,"['(400)', '(821)', '1932']"
Total Synopsys stockholders’ equity,"['4907404', '4083013']"
Net income (loss) attributed to non-controlling interest,"['(900)', '0', '0']"
Net income attributed to Synopsys,"['664347', '532367', '432518']"
"Deferred gains (losses), net of tax of $(3,192), $(2,009), and $4,675 for fiscal years 2020, 2019 and 2018, respectively","['7834', '4733', '(17428)']"
"Reclassification adjustment on deferred (gains) losses included in net income, net of tax of $176, $(3,672), and $2,207 for fiscal years 2020, 2019 and 2018, respectively","['73', '14637', '(10888)']"
"Other comprehensive income (loss), net of tax effects","['38373', '20730', '(47198)']"
Less: Net income (loss) attributed to non-controlling interest,"['(900)', '0', '0']"
"Reclassification adjustment on deferred (gains) loss included in net income, tax","['176', '(3672)', '2207']"
Net comprehensive income or (loss),"['(3388979)', '(4103126)']"
Net (loss) or income per common share,[]
Net Income (Loss),"['(3390816)', '(3390816)']"
Cash and equivalents - beginning of period,"['6243', '9726']"
Cash and equivalents - end of period,"['31366', '6243']"
Note 1 - Basis of Presentation and Summary of Significant Accounting Policies,"['1.', '2.', '3.', '1', '2', '3', '411236', '257282', '103032', '111999', '814685', '32000', '15465', '2365367', '250000', '158156', '84091', '2237946', '2365367', '1', '2', '3', '615847', '114052', '103074', '81340', '627928', '422565', '15501', '365497', '250000', '(256000', ')', '25000', '32825', '100000', '2388132', '365497', '(256000', ')']"
Note 5 - Capital,[]
Note 6 - Debt,"['12', '12', '103032', '103074', '111999', '81340', '814685', '627928', '32000', '422565', '15465', '15501', '250000', '250000', '2365367', '365497', '158156', '25000', '84091', '32825', '100000', '3934795', '2023730', '12', '12', '1578917', '1121243', '(574076', ')', '(45750', ')', '1004841', '1075493', '1183685', '673678', '(369000', ')', '(45750', ')', '814685', '627928', '363232', '25000', '(205076', ')', '158156', '25000', '32000', '422565', '32000', '422565', '365497', '1044749', '(471233', ')', '1426354', '2365367']"
Note 7 - Litigation Gains and Losses,[]
Note 8 - Income Taxes,"['12', '12', '4579500', '3380285', '961695', '709860', '(961695', ')', '(709860', ')']"
 Net operating loss carry-forward,"['4579500', '3380285']"
 Net future income taxes,[]
Earnings Per Share,[]
Summary of assets and liabilities measured and recognized at fair value,"['1', '2', '3', '411236', '257282', '103032', '111999', '814685', '32000', '15465', '2365367', '250000', '158156', '84091', '2237946', '2365367', '1', '2', '3', '615847', '114052', '103074', '81340', '627928', '422565', '15501', '365497', '250000', '(256000', ')', '25000', '32825', '100000', '2388132', '365497', '(256000', ')']"
Schedule of debt,"['12', '12', '103032', '103074', '111999', '81340', '814685', '627928', '32000', '422565', '15465', '15501', '250000', '250000', '2365367', '365497', '158156', '25000', '84091', '32825', '100000', '3934795', '2023730']"
Summary of deferred income taxes,"['12', '12', '4579500', '3380285', '961695', '709860', '(961695', ')', '(709860', ')']"
Net operating loss carry-forward,"['4579500', '3380285']"
Net future income taxes,[]
"Weighted-average shares used to compute net loss per share attributable to common stockholders, basic and diluted (in shares)","['130083046', '97130339', '91224607']"
Net (loss) income per weighted average common share,[]
"Unrealized loss on derivatives, net of tax","['(9)', '(6)', '0']"
Reclassification of loss to net (loss) income,"['6', '5', '4']"
Adjustments to reconcile net (loss) income to net cash provided by operating activities:,[]
Expenditures for property and equipment,"['(54)', '(153)', '(78)']"
"(Decrease) increase in cash, cash equivalents and restricted cash","['(220)', '(373)', '115']"
"Total cash, cash equivalents and restricted cash","['716', '1089', '1089']"
"Cash, cash equivalents and restricted cash at end of year","['496', '716', '1089']"
"Reconciliation of cash, cash equivalents and restricted cash to the Consolidated Balance Sheets",[]
Total Operating Expenses,"['177552', '297439']"
"Other Income (Expense), net:",[]
Type of Revenue [Extensible List],[]
"Interest expense (income), net","['(4719)', '(333)', '1698']"
"Foreign currency exchange loss, net","['695', '1919', '4033']"
"Total other expense (income), net","['(4024)', '1586', '5731']"
"Unrealized gain (loss) on marketable securities, net of tax","['3804', '258', '(598)']"
"Accumulated other comprehensive loss, net of tax","['(46)', '(46)']"
"Liabilities and Shareholders' equity, Total","['2191614', '1790963']"
Adjustments to reconcile net income to cash provided by operations:,[]
"Financial income (expenses), net","['(389)', '970', '2362']"
"Net loss per share of common stock, basic and diluted","['(2.60)', '(0.98)', '(0.50)']"
"Weighted average number of shares used in computing net loss per share of common stock, basic and diluted","['30257410', '29020645', '27467440']"
"Unrealized income (loss) on marketable securities, net of tax","['3510', '(7531)', '3291']"
"Gains (losses) on marketable securities reclassified into earnings, net of tax","['5', '(27)', '0']"
"Losses (gains) on derivative instruments reclassified into earnings, net of tax","['(352)', '3741', '(2649)']"
"Net income, basic and diluted","['301118', '229832', '151177']"
Weighted-average shares used to compute net income per share:,[]
Net change in unrealized gain (losses) on available-for-sale investments,"['2388', '1409', '(1598)']"
Net change in cumulative foreign currency translation gain (loss),"['(2857)', '(2081)', '3086']"
"
[1]
Includes stock-based compensation as follows:Cost of revenues:     Cost of subscription services$2,638 $1,553 $1,448Cost of professional services and other17,518 10,575 8,476Research and development37,001 22,138 17,782Sales and marketing27,537 18,381 16,288General and administrative31,212 23,778 10,055Total stock-based compensation$115,906 $76,425 $54,049      
","['1', '2638', '1553', '1448', '17518', '10575', '8476', '37001', '22138', '17782', '27537', '18381', '16288', '31212', '23778', '10055', '115906', '76425', '54049']"
"Property and equipment, net of accumulated depreciation of $164,000 and $97,000, respectively","['720000', '11000']"
"Restricted cash and cash equivalents, and restricted time deposits","['43860', '42262']"
Total Verint Systems Inc. stockholders' equity,"['1229368', '1249236']"
Net income attributable to noncontrolling interests,"['6999', '4229', '3173']"
Net income (loss) attributable to Verint Systems Inc.,"['28684', '65991', '(6627)']"
Net income (loss) per common share attributable to Verint Systems Inc.,[]
"Other comprehensive (loss) income, net of reclassification adjustments:",[]
Benefit for income taxes on net increase (decrease) from foreign exchange contracts and interest rate swap designated as hedges,"['1809', '1466', '85']"
"Other comprehensive (loss), net of tax:",[]
"Total other comprehensive income gain (loss), net of tax","['0', '(1)']"
"Net income attributable to VMware, Inc.","['6412', '1650', '3', '437', '3']"
"Net income per weighted-average share attributable to VMware, Inc. common stockholders, basic for Classes A and B (USD per share)","['15.37', '3.99', '3', '1.07', '3']"
"Net income per weighted-average share attributable to VMware, Inc. common stockholders, diluted for Classes A and B (USD per share)","['15.08', '3.92', '3', '1.04', '3']"
"

[1]
Effective the fourth quarter of fiscal 2020, revenue recognized from subscription and SaaS offerings is being presented separately (refer to Note A).


[2]
Includes related party revenue as follows (refer to Note D): License January 31, 2020: $1,569 million, February 1, 2019: $1,176 million, February 2, 2018: $715 million; Subscription and SaaS January 31, 2020: $342 million, February 1, 2019: $217 million, February 2, 2018: $124 million; Services January 31, 2020: $1,459 million, February 1, 2019: $1,003 million, February 2, 2018: $671 million.


[3]
Adjusted to reflect the recast of prior period information due to the Pivotal Software, Inc. (“Pivotal”) acquisition, which was accounted for as a transaction between entities under common control (refer to Note B).


[4]
Includes stock-based compensation as follows: Cost of license January 31, 2020: $1 million, February 1, 2019: $1 million, February 2, 2018: $2 million; Cost of Subscription and SaaS January 31, 2020: $13 million, February 1, 2019: $7 million, February 2, 2018: $5 million;Cost of services revenue January 31, 2020: $83 million, February 1, 2019: $58 million, February 2, 2018: $53 million; Research and development January 31, 2020: $459 million, February 1, 2019: $391 million, February 2, 2018: $363 million; Sales and marketing January 31, 2020: $293 million, February 1, 2019: $226 million, February 2, 2018: $205 million; General and administrative January 31, 2020: $168 million, February 1, 2019: $117 million, February 2, 2018: $84 million.


[5]
Adjusted to reflect the recast of prior period information due to the Pivotal Software, Inc. (“Pivotal”) acquisition, which was accounted for as a transaction between entities under common control (refer to Note B).


[6]
Adjusted to reflect the recast of prior period information due to the Pivotal acquisition, which was accounted for as a transaction between entities under common control (refer to Note B).

","['1', '2', '3', '4', '5', '6']"
[4],[]
"Unrealized gains (losses), net of tax provision (benefit) of $—, $— and ($5)","['0', '0', '(12)']"
"Reclassification of (gains) losses realized during the period, net of tax (provision) benefit of $—, $10 and $2","['0', '30', '3']"
"Unrealized gains (losses), net of tax provision (benefit) of $— for all periods","['0', '2', '1']"
"Reclassification of (gains) losses realized during the period, net of tax (provision) benefit of $— for all periods","['(2)', '0', '(3)']"
"Total VMware, Inc. stockholders’ equity","['7009', '1865', '1']"
"Unrealized (gain) loss on equity securities, net","['(31)', '14', '3', '0', '3']"
"(Gain) loss on disposition of assets, revaluation and impairment, net","['(4)', '2', '3', '(45)', '3']"
"Cash, cash equivalents and restricted cash at beginning of the period","['3', '3596', '6076', '3373']"
"Cash, cash equivalents and restricted cash at end of the period","['3031', '3596', '3', '6076', '3']"
